<?xml version="1.0" encoding="utf-8" standalone="yes" ?>
<rss version="2.0" xmlns:atom="http://www.w3.org/2005/Atom">
  <channel>
    <title>1 | Bohye&#39;s Homepage</title>
    <link>/publication-type/1/</link>
      <atom:link href="/publication-type/1/index.xml" rel="self" type="application/rss+xml" />
    <description>1</description>
    <generator>Source Themes Academic (https://sourcethemes.com/academic/)</generator><language>en-us</language><lastBuildDate>Mon, 01 Jul 2013 00:00:00 +0000</lastBuildDate>
    <image>
      <url>/images/icon_hu0b7a4cb9992c9ac0e91bd28ffd38dd00_9727_512x512_fill_lanczos_center_2.png</url>
      <title>1</title>
      <link>/publication-type/1/</link>
    </image>
    
    <item>
      <title>An example conference paper</title>
      <link>/publication/conference-paper/</link>
      <pubDate>Mon, 01 Jul 2013 00:00:00 +0000</pubDate>
      <guid>/publication/conference-paper/</guid>
      <description>&lt;div class=&#34;alert alert-note&#34;&gt;
  &lt;div&gt;
    Click the &lt;em&gt;Cite&lt;/em&gt; button above to demo the feature to enable visitors to import publication metadata into their reference management software.
  &lt;/div&gt;
&lt;/div&gt;
&lt;div class=&#34;alert alert-note&#34;&gt;
  &lt;div&gt;
    Click the &lt;em&gt;Slides&lt;/em&gt; button above to demo Academic&amp;rsquo;s Markdown slides feature.
  &lt;/div&gt;
&lt;/div&gt;
&lt;p&gt;Supplementary notes can be added here, including 
&lt;a href=&#34;https://sourcethemes.com/academic/docs/writing-markdown-latex/&#34; target=&#34;_blank&#34; rel=&#34;noopener&#34;&gt;code and math&lt;/a&gt;.&lt;/p&gt;
</description>
    </item>
    
  </channel>
</rss>
